Movimiento,Categoria
UNIRED CL AGUAS AND SANTIAGO,agua
UNIRED CL AGUAS AND SANTIAGO,agua
ALICIA 11001SANTIAG,Almacen
DISTRIBUIDORA LOS C SANTIAGO,Almacen
EVENTOS HOLZ PADRE HURTAD,Almacen
KIOSCO UBERLINDA MA SANTIAGO,Almacen
LA MARTITA SANTIAGO,Almacen
MERPAGO*CONFITERIA SANTIAGO,Almacen
MINIMARKET FIONA NUNOA,Almacen
PANIFICADORA NUEVA SANTIAGO,Almacen
PAYSCAN*SNACK CENTE SANTIAGO,Almacen
SANTUARIO PADRE HUR SANTIAGO,Almacen
SERVICIOS Y COMERCI PROVIDENCIA,Almacen
SumUp * Rita Oliva Santiago,Almacen
VELERITO SANTIAGO,Almacen
arariendo,arriendo
arriendo,arriendo
COPEC APP SANTIAGO,Bencina
COPEC APP COMPRAS,Bencina
COPEC APP REV.COMPRAS,Bencina
COPEC APP SANTIAGO,Bencina
SHELL.FILE181 SANTIAGO,Bencina
ANLUKE COMPRAS,bubi
COLLOKY MALL PASEO COMPRAS,bubi
COLLOKY O BUENAVENT COMPRAS,bubi
FALABELLA COSTANERA SAN NC 01-03,bubi
GOOGLE PLAY YOUTUBE COMPRAS,bubi
ORLANDO HIDALGO COMPRAS,bubi
OUTLET EASTON COMPRAS,bubi
PILLIN COMPRAS,bubi
TUU*estiloKidsPeluq PROVIDENCIA,bubi
TUU*estiloKidsPeluq COMPRAS,bubi
TUU*estiloKidsPeluq PROVIDENCIA,bubi
CASA IDEAS PORTAL L COMPRAS,casa
